[
  {
    "value": "OK",
    "synonyms": [
      "OK"
    ]
  },
  {
    "value": "Đã nộp",
    "synonyms": [
      "Đã nộp"
    ]
  },
  {
    "value": "Xong",
    "synonyms": [
      "Xong"
    ]
  },
  {
    "value": "Gửi",
    "synonyms": [
      "Gửi"
    ]
  },
  {
    "value": "Dạ có",
    "synonyms": [
      "Dạ có"
    ]
  },
  {
    "value": "Chắc chắn",
    "synonyms": [
      "Chắc chắn"
    ]
  },
  {
    "value": "Dạ không",
    "synonyms": [
      "Dạ không"
    ]
  },
  {
    "value": "Có",
    "synonyms": [
      "Có"
    ]
  },
  {
    "value": "Không",
    "synonyms": [
      "Không"
    ]
  },
  {
    "value": "Không chắc",
    "synonyms": [
      "Không chắc"
    ]
  },
  {
    "value": "Vâng",
    "synonyms": [
      "Vâng"
    ]
  }
]