[
  {
    "value": "Bệnh hen suyễn",
    "synonyms": [
      "Bệnh hen suyễn"
    ]
  },
  {
    "value": "Bệnh phổi tắc nghẽn mãn tính",
    "synonyms": [
      "Bệnh phổi tắc nghẽn mãn tính"
    ]
  },
  {
    "value": "Bệnh tim",
    "synonyms": [
      "Bệnh tim"
    ]
  },
  {
    "value": "Bệnh tiểu đường",
    "synonyms": [
      "Bệnh tiểu đường"
    ]
  },
  {
    "value": "cao huyết áp",
    "synonyms": [
      "cao huyết áp"
    ]
  },
  {
    "value": "đột quỵ não",
    "synonyms": [
      "đột quỵ não"
    ]
  },
  {
    "value": "Thừa cân / Béo phì",
    "synonyms": [
      "Thừa cân / Béo phì"
    ]
  },
  {
    "value": "hút thuốc",
    "synonyms": [
      "hút thuốc"
    ]
  },
  {
    "value": "Bệnh thận",
    "synonyms": [
      "Bệnh thận"
    ]
  },
  {
    "value": "Đau ngực",
    "synonyms": [
      "Đau ngực"
    ]
  },
  {
    "value": "Đau rát ở ngực",
    "synonyms": [
      "Đau rát ở ngực"
    ]
  },
  {
    "value": "Đau khớp / bụng",
    "synonyms": [
      "Đau khớp / bụng"
    ]
  },
  {
    "value": "Sự lo ngại",
    "synonyms": [
      "Sự lo ngại"
    ]
  },
  {
    "value": "giấc ngủ",
    "synonyms": [
      "giấc ngủ"
    ]
  },
  {
    "value": "ngủ",
    "synonyms": [
      "ngủ"
    ]
  },
  {
    "value": "huyết áp thấp",
    "synonyms": [
      "huyết áp thấp"
    ]
  },
  {
    "value": "vấn đề về hô hấp",
    "synonyms": [
      "vấn đề về hô hấp"
    ]
  },
  {
    "value": "khó thở",
    "synonyms": [
      "khó thở"
    ]
  },
  {
    "value": "Tức ngực",
    "synonyms": [
      "Tức ngực"
    ]
  }
]