[
  {
    "id": "4a0d4405-3b5c-45d8-8473-2770c4a0e230",
    "data": [
      {
        "text": "vào thứ tư",
        "meta": "@sys.date",
        "alias": "date",
        "userDefined": true
      },
      {
        "text": " ",
        "userDefined": false
      },
      {
        "text": "lúc 10 giờ sáng",
        "meta": "@sys.time",
        "alias": "time",
        "userDefined": true
      }
    ],
    "isTemplate": false,
    "count": 0,
    "lang": "vi",
    "updated": 0
  },
  {
    "id": "1ac12ba4-0f78-410b-a601-8080b61be406",
    "data": [
      {
        "text": "lúc 3 giờ chiều",
        "meta": "@sys.time",
        "alias": "time",
        "userDefined": false
      },
      {
        "text": " ",
        "userDefined": false
      },
      {
        "text": "Thứ Hai",
        "meta": "@sys.date",
        "alias": "date",
        "userDefined": true
      }
    ],
    "isTemplate": false,
    "count": 0,
    "lang": "vi",
    "updated": 0
  },
  {
    "id": "e3ed856b-ae21-4011-a658-8a2fad710544",
    "data": [
      {
        "text": "vào ngày ",
        "userDefined": false
      },
      {
        "text": "23-04-2021",
        "meta": "@sys.date",
        "alias": "date",
        "userDefined": true
      },
      {
        "text": " ",
        "userDefined": false
      },
      {
        "text": "lúc 11:00",
        "meta": "@sys.time",
        "alias": "time",
        "userDefined": true
      }
    ],
    "isTemplate": false,
    "count": 0,
    "lang": "vi",
    "updated": 0
  }
]