[
  {
    "id": "230337a7-a47f-48c0-a34e-95d500c1f145",
    "data": [
      {
        "text": "vui ",
        "userDefined": false
      },
      {
        "text": "lòng",
        "meta": "@sys.ignore",
        "userDefined": false
      },
      {
        "text": " ",
        "userDefined": false
      },
      {
        "text": "đặt",
        "meta": "@sys.ignore",
        "userDefined": false
      },
      {
        "text": " ",
        "userDefined": false
      },
      {
        "text": "lịch",
        "meta": "@sys.ignore",
        "userDefined": false
      },
      {
        "text": " hẹn với ",
        "userDefined": false
      },
      {
        "text": "Bác sĩ Phạm Xuân Hậu",
        "meta": "@sys.person",
        "alias": "person",
        "userDefined": true
      }
    ],
    "isTemplate": false,
    "count": 0,
    "lang": "vi",
    "updated": 0
  },
  {
    "id": "8deb9b3e-41b4-409e-a38a-335b1b9bef3a",
    "data": [
      {
        "text": "Bác sĩ Đặng Vạn Phước",
        "meta": "@sys.person",
        "alias": "person",
        "userDefined": true
      }
    ],
    "isTemplate": false,
    "count": 0,
    "lang": "vi",
    "updated": 0
  },
  {
    "id": "b3d7edd9-e677-492c-ac65-51d22dad08ac",
    "data": [
      {
        "text": "Bác sĩ Ngô Ngọc Sơn",
        "meta": "@sys.person",
        "alias": "person",
        "userDefined": true
      }
    ],
    "isTemplate": false,
    "count": 0,
    "lang": "vi",
    "updated": 0
  },
  {
    "id": "20794593-d612-456a-8933-f0b9f51a4472",
    "data": [
      {
        "text": "Bác sĩ Nguyễn Kim Ngôi",
        "meta": "@sys.person",
        "alias": "person",
        "userDefined": true
      }
    ],
    "isTemplate": false,
    "count": 0,
    "lang": "vi",
    "updated": 0
  },
  {
    "id": "6770db25-c58a-4ff2-a405-c372215af504",
    "data": [
      {
        "text": "Bác sĩ Huỳnh Thanh Hải",
        "meta": "@sys.person",
        "alias": "person",
        "userDefined": true
      }
    ],
    "isTemplate": false,
    "count": 0,
    "lang": "vi",
    "updated": 0
  },
  {
    "id": "2453022f-622b-4c76-80d6-10a9f5a9c8a7",
    "data": [
      {
        "text": "Bác sĩ Phạm Xuân Hậu",
        "meta": "@sys.person",
        "alias": "person",
        "userDefined": true
      }
    ],
    "isTemplate": false,
    "count": 0,
    "lang": "vi",
    "updated": 0
  }
]