[
  {
    "id": "fc911b00-2997-4556-b675-62be59a7ec36",
    "data": [
      {
        "text": "tôi ",
        "userDefined": false
      },
      {
        "text": "là",
        "meta": "@sys.ignore",
        "userDefined": false
      },
      {
        "text": " ",
        "userDefined": false
      },
      {
        "text": "đàn ông",
        "meta": "@Gender",
        "alias": "Gender",
        "userDefined": false
      }
    ],
    "isTemplate": false,
    "count": 0,
    "lang": "vi",
    "updated": 0
  },
  {
    "id": "6652a618-8e8d-414e-af04-1b889537e222",
    "data": [
      {
        "text": "nữ",
        "meta": "@Gender",
        "alias": "Gender",
        "userDefined": false
      }
    ],
    "isTemplate": false,
    "count": 0,
    "lang": "vi",
    "updated": 0
  },
  {
    "id": "30f4a688-bc7f-4e1f-99c1-11a7e20fdc39",
    "data": [
      {
        "text": "nam",
        "meta": "@Gender",
        "alias": "Gender",
        "userDefined": false
      }
    ],
    "isTemplate": false,
    "count": 0,
    "lang": "vi",
    "updated": 0
  }
]