[
  {
    "id": "ad71d26a-6cc0-4da7-9f4e-54c8df2da208",
    "data": [
      {
        "text": "Chắc chắn",
        "meta": "@Confirmation",
        "alias": "Confirmation",
        "userDefined": false
      }
    ],
    "isTemplate": false,
    "count": 0,
    "lang": "vi",
    "updated": 0
  },
  {
    "id": "e3d7b655-dd8f-4725-ba4d-015ee8ea8e4b",
    "data": [
      {
        "text": "Gửi",
        "meta": "@Confirmation",
        "alias": "Confirmation",
        "userDefined": false
      }
    ],
    "isTemplate": false,
    "count": 0,
    "lang": "vi",
    "updated": 0
  },
  {
    "id": "2b8536f6-2744-4a45-be67-addb5cd2923d",
    "data": [
      {
        "text": "Tôi ",
        "userDefined": false
      },
      {
        "text": "đã",
        "meta": "@sys.ignore",
        "userDefined": false
      },
      {
        "text": " ",
        "userDefined": false
      },
      {
        "text": "gửi",
        "meta": "@Confirmation",
        "alias": "Confirmation",
        "userDefined": false
      }
    ],
    "isTemplate": false,
    "count": 0,
    "lang": "vi",
    "updated": 0
  },
  {
    "id": "5f56d218-a8ec-49e2-9cd6-18b113d8f859",
    "data": [
      {
        "text": "Dạ có",
        "meta": "@Confirmation",
        "alias": "Confirmation",
        "userDefined": false
      }
    ],
    "isTemplate": false,
    "count": 0,
    "lang": "vi",
    "updated": 0
  },
  {
    "id": "e39a64e1-cad7-42b8-8984-538059ffb846",
    "data": [
      {
        "text": "Xong",
        "meta": "@Confirmation",
        "alias": "Confirmation",
        "userDefined": true
      },
      {
        "text": "! ",
        "userDefined": false
      },
      {
        "text": "Đã nộp",
        "meta": "@Confirmation",
        "alias": "Confirmation1",
        "userDefined": false
      }
    ],
    "isTemplate": false,
    "count": 0,
    "lang": "vi",
    "updated": 0
  },
  {
    "id": "4178ca62-bd12-45d5-abdf-265466900aa9",
    "data": [
      {
        "text": "Đã nộp",
        "meta": "@Confirmation",
        "alias": "Confirmation",
        "userDefined": true
      }
    ],
    "isTemplate": false,
    "count": 0,
    "lang": "vi",
    "updated": 0
  },
  {
    "id": "a04634f4-dba0-4a7d-8789-b955270bc1bc",
    "data": [
      {
        "text": "OK",
        "meta": "@Confirmation",
        "alias": "Confirmation",
        "userDefined": false
      },
      {
        "text": ", tôi sẽ ",
        "userDefined": false
      },
      {
        "text": "nộp",
        "meta": "@Confirmation",
        "alias": "Confirmation1",
        "userDefined": true
      }
    ],
    "isTemplate": false,
    "count": 0,
    "lang": "vi",
    "updated": 0
  },
  {
    "id": "e9b0afb0-0698-46f0-a8ab-7153714598a0",
    "data": [
      {
        "text": "Xong",
        "meta": "@Confirmation",
        "alias": "Confirmation",
        "userDefined": true
      }
    ],
    "isTemplate": false,
    "count": 0,
    "lang": "vi",
    "updated": 0
  },
  {
    "id": "4538ac4b-b20e-4624-a5eb-6f8a259108b1",
    "data": [
      {
        "text": "OK",
        "meta": "@Confirmation",
        "alias": "Confirmation",
        "userDefined": false
      },
      {
        "text": ", tôi ",
        "userDefined": false
      },
      {
        "text": "đã",
        "meta": "@sys.ignore",
        "userDefined": false
      },
      {
        "text": " ",
        "userDefined": false
      },
      {
        "text": "gửi",
        "meta": "@Confirmation",
        "alias": "Confirmation1",
        "userDefined": false
      }
    ],
    "isTemplate": false,
    "count": 0,
    "lang": "vi",
    "updated": 0
  }
]