[
  {
    "id": "bdf75753-10cc-478b-93e1-2811a5083633",
    "data": [
      {
        "text": "bệnh tim",
        "meta": "@Health",
        "alias": "Health",
        "userDefined": false
      }
    ],
    "isTemplate": false,
    "count": 0,
    "lang": "vi",
    "updated": 0
  },
  {
    "id": "d2e6e618-d874-43e7-a5e2-b481d4c65b97",
    "data": [
      {
        "text": "kiểm tra",
        "meta": "@Health",
        "alias": "Health",
        "userDefined": false
      },
      {
        "text": " sức khỏe",
        "userDefined": false
      }
    ],
    "isTemplate": false,
    "count": 0,
    "lang": "vi",
    "updated": 0
  },
  {
    "id": "8eda06ab-61ed-4dd6-93c3-4b0b4e6b5cf3",
    "data": [
      {
        "text": "muốn ",
        "userDefined": false
      },
      {
        "text": "kiểm tra",
        "meta": "@sys.ignore",
        "userDefined": false
      },
      {
        "text": " ",
        "userDefined": false
      },
      {
        "text": "xem tôi có",
        "meta": "@sys.ignore",
        "userDefined": false
      },
      {
        "text": " ",
        "userDefined": false
      },
      {
        "text": "bị",
        "meta": "@sys.ignore",
        "userDefined": false
      },
      {
        "text": " ",
        "userDefined": false
      },
      {
        "text": "bệnh tim",
        "meta": "@Health",
        "alias": "Health",
        "userDefined": false
      },
      {
        "text": " ",
        "userDefined": false
      },
      {
        "text": "không",
        "meta": "@sys.ignore",
        "userDefined": false
      }
    ],
    "isTemplate": false,
    "count": 0,
    "lang": "vi",
    "updated": 0
  },
  {
    "id": "8e9e42f9-3c10-4ebb-9ad9-2b48eebfdd47",
    "data": [
      {
        "text": "kiểm tra",
        "meta": "@Health",
        "alias": "Health",
        "userDefined": false
      }
    ],
    "isTemplate": false,
    "count": 0,
    "lang": "vi",
    "updated": 0
  },
  {
    "id": "9b5c3f81-8fc4-4f37-be2b-16765f217f0b",
    "data": [
      {
        "text": "tôi muốn ",
        "userDefined": false
      },
      {
        "text": "kiểm tra",
        "meta": "@sys.ignore",
        "userDefined": false
      },
      {
        "text": " ",
        "userDefined": false
      },
      {
        "text": "sức khỏe tim mạch",
        "meta": "@Health",
        "alias": "Health",
        "userDefined": false
      },
      {
        "text": " của ",
        "userDefined": false
      },
      {
        "text": "mình",
        "meta": "@sys.ignore",
        "userDefined": false
      }
    ],
    "isTemplate": false,
    "count": 0,
    "lang": "vi",
    "updated": 0
  },
  {
    "id": "7d4f1c7b-6a71-4f30-97c4-4ff0dc8380c9",
    "data": [
      {
        "text": "tôi có ",
        "userDefined": false
      },
      {
        "text": "báo cáo",
        "meta": "@Health",
        "alias": "Health",
        "userDefined": true
      },
      {
        "text": " ",
        "userDefined": false
      },
      {
        "text": "kiểm tra",
        "meta": "@Health",
        "alias": "Health",
        "userDefined": false
      },
      {
        "text": " ",
        "userDefined": false
      },
      {
        "text": "tim",
        "meta": "@sys.ignore",
        "userDefined": false
      }
    ],
    "isTemplate": false,
    "count": 0,
    "lang": "vi",
    "updated": 0
  },
  {
    "id": "fd493332-5795-4c9c-958c-d6ebbaa8e92a",
    "data": [
      {
        "text": "kiểm tra",
        "meta": "@sys.ignore",
        "userDefined": false
      },
      {
        "text": " ",
        "userDefined": false
      },
      {
        "text": "báo cáo",
        "meta": "@Health",
        "alias": "Health",
        "userDefined": false
      }
    ],
    "isTemplate": false,
    "count": 0,
    "lang": "vi",
    "updated": 0
  }
]