[
  {
    "id": "59a5eeb3-24ff-4f3d-b2a5-15ba85378896",
    "data": [
      {
        "text": "Xong",
        "meta": "@Confirmation",
        "alias": "Confirmation",
        "userDefined": false
      }
    ],
    "isTemplate": false,
    "count": 0,
    "lang": "vi",
    "updated": 0
  },
  {
    "id": "d2a1fd3c-d9d3-471b-a6be-e799da50129b",
    "data": [
      {
        "text": "OK",
        "meta": "@Confirmation",
        "alias": "Confirmation",
        "userDefined": false
      },
      {
        "text": " tôi ",
        "userDefined": false
      },
      {
        "text": "đã",
        "meta": "@sys.ignore",
        "userDefined": false
      },
      {
        "text": " ",
        "userDefined": false
      },
      {
        "text": "gửi",
        "meta": "@Confirmation",
        "alias": "Confirmation1",
        "userDefined": false
      }
    ],
    "isTemplate": false,
    "count": 0,
    "lang": "vi",
    "updated": 0
  },
  {
    "id": "425ed54f-4d57-4968-bda8-eb9ed7cb447f",
    "data": [
      {
        "text": "OK",
        "meta": "@Confirmation",
        "alias": "Confirmation",
        "userDefined": false
      },
      {
        "text": " tôi sẽ ",
        "userDefined": false
      },
      {
        "text": "nộp",
        "meta": "@Confirmation",
        "alias": "Confirmation1",
        "userDefined": false
      }
    ],
    "isTemplate": false,
    "count": 0,
    "lang": "vi",
    "updated": 0
  },
  {
    "id": "43a54c62-05d5-4a0b-876d-8bd9a5f36b68",
    "data": [
      {
        "text": "Đã nộp",
        "meta": "@Confirmation",
        "alias": "Confirmation",
        "userDefined": false
      }
    ],
    "isTemplate": false,
    "count": 0,
    "lang": "vi",
    "updated": 0
  },
  {
    "id": "f6afc2f6-538a-457c-a02c-085bb32a6a8b",
    "data": [
      {
        "text": "Xong",
        "meta": "@Confirmation",
        "alias": "Confirmation",
        "userDefined": false
      },
      {
        "text": "! ",
        "userDefined": false
      },
      {
        "text": "Đã nộp",
        "meta": "@Confirmation",
        "alias": "Confirmation1",
        "userDefined": false
      }
    ],
    "isTemplate": false,
    "count": 0,
    "lang": "vi",
    "updated": 0
  },
  {
    "id": "514d9946-3900-4217-a254-7c7362ed5f69",
    "data": [
      {
        "text": "Có",
        "meta": "@Confirmation",
        "alias": "Confirmation",
        "userDefined": false
      }
    ],
    "isTemplate": false,
    "count": 0,
    "lang": "vi",
    "updated": 0
  },
  {
    "id": "989639f5-90bb-42f4-b52b-1635083cea34",
    "data": [
      {
        "text": "Tôi ",
        "userDefined": false
      },
      {
        "text": "đã gửi",
        "meta": "@Confirmation",
        "alias": "Confirmation",
        "userDefined": false
      }
    ],
    "isTemplate": false,
    "count": 0,
    "lang": "vi",
    "updated": 0
  },
  {
    "id": "86510d5f-2e1c-46aa-901d-046f7b5e3a99",
    "data": [
      {
        "text": "Gửi",
        "meta": "@Confirmation",
        "alias": "Confirmation",
        "userDefined": false
      }
    ],
    "isTemplate": false,
    "count": 0,
    "lang": "vi",
    "updated": 0
  },
  {
    "id": "6cf7bfca-b289-4654-a209-1015cf5337e6",
    "data": [
      {
        "text": "Chắc chắn",
        "meta": "@Confirmation",
        "alias": "Confirmation",
        "userDefined": false
      }
    ],
    "isTemplate": false,
    "count": 0,
    "lang": "vi",
    "updated": 0
  }
]