[
  {
    "id": "8a31311b-7ed1-4938-9eb2-7a90afcc30da",
    "data": [
      {
        "text": "xin chào",
        "userDefined": false
      }
    ],
    "isTemplate": false,
    "count": 0,
    "lang": "vi",
    "updated": 0
  },
  {
    "id": "920b6f1b-5f22-4efb-a301-2d55aba2cc2e",
    "data": [
      {
        "text": "chào bạn",
        "userDefined": false
      }
    ],
    "isTemplate": false,
    "count": 0,
    "lang": "vi",
    "updated": 0
  },
  {
    "id": "c4a2b736-cc04-4316-992d-6766c51bb573",
    "data": [
      {
        "text": "chào cậu",
        "userDefined": false
      }
    ],
    "isTemplate": false,
    "count": 0,
    "lang": "vi",
    "updated": 0
  },
  {
    "id": "0be14aef-2de3-4faf-89ea-2515a0fe79eb",
    "data": [
      {
        "text": "chào đằng ấy",
        "userDefined": false
      }
    ],
    "isTemplate": false,
    "count": 1,
    "lang": "vi",
    "updated": 0
  },
  {
    "id": "d0a4e88d-93b1-4eff-9dd6-36bbc42b4624",
    "data": [
      {
        "text": "xin chào, lại là tôi đây",
        "userDefined": false
      }
    ],
    "isTemplate": false,
    "count": 0,
    "lang": "vi",
    "updated": 0
  },
  {
    "id": "8f381c78-5432-4704-bde3-e4ec9d2bae5f",
    "data": [
      {
        "text": "lâu lắm không gặp",
        "userDefined": false
      }
    ],
    "isTemplate": false,
    "count": 0,
    "lang": "vi",
    "updated": 0
  },
  {
    "id": "cbc329df-cb08-44cd-8f5b-1ea35347e781",
    "data": [
      {
        "text": "chào nhé",
        "userDefined": false
      }
    ],
    "isTemplate": false,
    "count": 0,
    "lang": "vi",
    "updated": 0
  },
  {
    "id": "33357158-2339-455f-b3d2-5d45a72b8193",
    "data": [
      {
        "text": "chào mừng bạn",
        "userDefined": false
      }
    ],
    "isTemplate": false,
    "count": 0,
    "lang": "vi",
    "updated": 0
  },
  {
    "id": "1b4a2e36-aaa0-4863-b20d-4d64e2ee1125",
    "data": [
      {
        "text": "chào",
        "userDefined": false
      }
    ],
    "isTemplate": false,
    "count": 0,
    "lang": "vi",
    "updated": 0
  },
  {
    "id": "43bdcab4-c29b-461f-b445-0d1eb8103aeb",
    "data": [
      {
        "text": "xin chào đằng ấy",
        "userDefined": false
      }
    ],
    "isTemplate": false,
    "count": 0,
    "lang": "vi",
    "updated": 0
  },
  {
    "id": "0c580abd-739e-45cb-bc0f-97308979b914",
    "data": [
      {
        "text": "xin chào nhé",
        "userDefined": false
      }
    ],
    "isTemplate": false,
    "count": 0,
    "lang": "vi",
    "updated": 0
  }
]