[
  {
    "id": "87857b35-3753-4d5d-bcb8-201882181245",
    "data": [
      {
        "text": "có",
        "meta": "@Confirmation",
        "alias": "Confirmation",
        "userDefined": false
      }
    ],
    "isTemplate": false,
    "count": 0,
    "lang": "vi",
    "updated": 0
  },
  {
    "id": "a6f68ebb-0f33-4bc8-9162-af7d74f21665",
    "data": [
      {
        "text": "dạ có",
        "meta": "@Confirmation",
        "alias": "Confirmation",
        "userDefined": false
      }
    ],
    "isTemplate": false,
    "count": 0,
    "lang": "vi",
    "updated": 0
  },
  {
    "id": "f0519ddb-fabd-41ab-a33c-405c085b640c",
    "data": [
      {
        "text": "khỏe",
        "userDefined": false
      }
    ],
    "isTemplate": false,
    "count": 0,
    "lang": "vi",
    "updated": 0
  },
  {
    "id": "48f9ea1f-29ae-4d01-9ca9-ba7e57146e98",
    "data": [
      {
        "text": "ok",
        "meta": "@Confirmation",
        "alias": "Confirmation",
        "userDefined": false
      }
    ],
    "isTemplate": false,
    "count": 0,
    "lang": "vi",
    "updated": 0
  },
  {
    "id": "e0e72ad3-dea4-428f-90dc-89e00ef28918",
    "data": [
      {
        "text": "chắc chắn",
        "meta": "@Confirmation",
        "alias": "Confirmation",
        "userDefined": false
      }
    ],
    "isTemplate": false,
    "count": 0,
    "lang": "vi",
    "updated": 0
  }
]