[
  {
    "id": "bdb04913-83d8-4bd6-9410-9c6b9b9c2ad0",
    "data": [
      {
        "text": "Có",
        "meta": "@Confirmation",
        "alias": "confirmation",
        "userDefined": false
      }
    ],
    "isTemplate": false,
    "count": 0,
    "lang": "vi",
    "updated": 0
  },
  {
    "id": "b8a087bc-3aa9-4bc1-bf9c-20c4c021b8ef",
    "data": [
      {
        "text": "Dạ có",
        "meta": "@Confirmation",
        "alias": "confirmation",
        "userDefined": false
      }
    ],
    "isTemplate": false,
    "count": 0,
    "lang": "vi",
    "updated": 0
  },
  {
    "id": "33e7818a-2ce6-4c89-8bac-ed5d00b163c7",
    "data": [
      {
        "text": "OK",
        "meta": "@Confirmation",
        "alias": "confirmation",
        "userDefined": false
      }
    ],
    "isTemplate": false,
    "count": 0,
    "lang": "vi",
    "updated": 0
  },
  {
    "id": "af86cbba-d386-4904-bd8d-5c80349b63e2",
    "data": [
      {
        "text": "tuyệt",
        "meta": "@sys.ignore",
        "userDefined": false
      },
      {
        "text": " quá",
        "userDefined": false
      }
    ],
    "isTemplate": false,
    "count": 0,
    "lang": "vi",
    "updated": 0
  },
  {
    "id": "97155e42-b225-4a2c-85b8-d0ae5ef1c9d0",
    "data": [
      {
        "text": "Vâng",
        "meta": "@Confirmation",
        "alias": "confirmation",
        "userDefined": true
      },
      {
        "text": ", ",
        "userDefined": false
      },
      {
        "text": "làm",
        "meta": "@sys.ignore",
        "userDefined": false
      },
      {
        "text": " ",
        "userDefined": false
      },
      {
        "text": "ơn",
        "meta": "@sys.ignore",
        "userDefined": false
      }
    ],
    "isTemplate": false,
    "count": 0,
    "lang": "vi",
    "updated": 0
  },
  {
    "id": "bf0a82c7-e368-4b2b-a944-3af50ea7dec4",
    "data": [
      {
        "text": "Chắc chắn",
        "meta": "@Confirmation",
        "alias": "confirmation",
        "userDefined": false
      }
    ],
    "isTemplate": false,
    "count": 0,
    "lang": "vi",
    "updated": 0
  }
]