[
  {
    "id": "b8cb4cbd-f790-436e-979b-7cfcef13a486",
    "data": [
      {
        "text": "Không",
        "meta": "@Confirmation",
        "alias": "confirmation",
        "userDefined": false
      }
    ],
    "isTemplate": false,
    "count": 0,
    "lang": "vi",
    "updated": 0
  },
  {
    "id": "bd63894c-c833-484b-967a-2825f8c17cd8",
    "data": [
      {
        "text": "không",
        "meta": "@sys.ignore",
        "userDefined": false
      },
      {
        "text": " yêu ",
        "userDefined": false
      },
      {
        "text": "cầu",
        "meta": "@sys.ignore",
        "userDefined": false
      }
    ],
    "isTemplate": false,
    "count": 0,
    "lang": "vi",
    "updated": 0
  },
  {
    "id": "a8178e57-75a7-4069-80d0-12b84672c7a0",
    "data": [
      {
        "text": "không",
        "meta": "@sys.ignore",
        "userDefined": false
      },
      {
        "text": " sẽ",
        "userDefined": false
      }
    ],
    "isTemplate": false,
    "count": 0,
    "lang": "vi",
    "updated": 0
  }
]