[
  {
    "id": "6ea89f74-62b2-47b4-bc44-32304a1c22c5",
    "data": [
      {
        "text": "không",
        "meta": "@sys.ignore",
        "userDefined": false
      }
    ],
    "isTemplate": false,
    "count": 0,
    "lang": "vi",
    "updated": 0
  },
  {
    "id": "481ac35f-14ef-407a-825c-9b9ebe77c545",
    "data": [
      {
        "text": "không",
        "meta": "@sys.ignore",
        "userDefined": false
      },
      {
        "text": ", ",
        "userDefined": false
      },
      {
        "text": "cám",
        "meta": "@sys.ignore",
        "userDefined": false
      },
      {
        "text": " ",
        "userDefined": false
      },
      {
        "text": "ơn",
        "meta": "@sys.ignore",
        "userDefined": false
      }
    ],
    "isTemplate": false,
    "count": 0,
    "lang": "vi",
    "updated": 0
  },
  {
    "id": "21476424-89e3-494b-a795-32eca21d5f76",
    "data": [
      {
        "text": "nope",
        "userDefined": false
      }
    ],
    "isTemplate": false,
    "count": 0,
    "lang": "vi",
    "updated": 0
  },
  {
    "id": "ad532d2a-fb69-4ba0-adbf-65724f631b2c",
    "data": [
      {
        "text": "không",
        "meta": "@sys.ignore",
        "userDefined": false
      },
      {
        "text": " yêu ",
        "userDefined": false
      },
      {
        "text": "cầu",
        "meta": "@sys.ignore",
        "userDefined": false
      }
    ],
    "isTemplate": false,
    "count": 0,
    "lang": "vi",
    "updated": 0
  }
]