[
  {
    "id": "3fb45569-1ec6-45d1-b5c3-0e081a0473b8",
    "data": [
      {
        "text": "21",
        "meta": "@sys.age",
        "alias": "age",
        "userDefined": true
      }
    ],
    "isTemplate": false,
    "count": 1,
    "lang": "vi",
    "updated": 0
  },
  {
    "id": "36cefeef-94a1-4564-939c-16f8124c1512",
    "data": [
      {
        "text": "21 tuổi",
        "meta": "@sys.age",
        "alias": "age",
        "userDefined": true
      }
    ],
    "isTemplate": false,
    "count": 0,
    "lang": "vi",
    "updated": 0
  },
  {
    "id": "f94aa390-f302-4f11-a75a-87f58703ec49",
    "data": [
      {
        "text": "Tôi ",
        "userDefined": false
      },
      {
        "text": "21 tuổi",
        "meta": "@sys.age",
        "alias": "age",
        "userDefined": true
      }
    ],
    "isTemplate": false,
    "count": 0,
    "lang": "vi",
    "updated": 0
  }
]