[
  {
    "id": "139325f7-4706-40db-b67d-e934b874d8a7",
    "data": [
      {
        "text": "Mai Lân",
        "meta": "@sys.given-name",
        "alias": "given-name",
        "userDefined": true
      }
    ],
    "isTemplate": false,
    "count": 0,
    "lang": "vi",
    "updated": 0
  },
  {
    "id": "f386a543-6821-408c-be7f-35dd554151f4",
    "data": [
      {
        "text": "tên tôi ",
        "userDefined": false
      },
      {
        "text": "là",
        "meta": "@sys.ignore",
        "userDefined": false
      },
      {
        "text": " ",
        "userDefined": false
      },
      {
        "text": "Mai Lân",
        "meta": "@sys.given-name",
        "alias": "given-name",
        "userDefined": true
      }
    ],
    "isTemplate": false,
    "count": 0,
    "lang": "vi",
    "updated": 0
  },
  {
    "id": "d09083b1-1c9e-4805-8867-53dac49dbc77",
    "data": [
      {
        "text": "tôi ",
        "userDefined": false
      },
      {
        "text": "là",
        "meta": "@sys.ignore",
        "userDefined": false
      },
      {
        "text": " ",
        "userDefined": false
      },
      {
        "text": "Mai Lân",
        "meta": "@sys.given-name",
        "alias": "given-name",
        "userDefined": true
      }
    ],
    "isTemplate": false,
    "count": 0,
    "lang": "vi",
    "updated": 0
  }
]