[
  {
    "id": "ea79f8f4-748e-4090-80b3-a570c5c85d34",
    "data": [
      {
        "text": "Mai Lân",
        "meta": "@sys.given-name",
        "alias": "given-name",
        "userDefined": false
      }
    ],
    "isTemplate": false,
    "count": 0,
    "lang": "vi",
    "updated": 0
  },
  {
    "id": "46010f1b-c4cf-4878-8cd6-f1bcfc854dd5",
    "data": [
      {
        "text": "Mai Lân",
        "meta": "@sys.given-name",
        "alias": "given-name",
        "userDefined": false
      },
      {
        "text": ", ",
        "userDefined": false
      },
      {
        "text": "21",
        "meta": "@sys.age",
        "alias": "age",
        "userDefined": false
      },
      {
        "text": " tuổi, ",
        "userDefined": false
      },
      {
        "text": "nam",
        "meta": "@Gender",
        "alias": "Gender",
        "userDefined": false
      }
    ],
    "isTemplate": false,
    "count": 0,
    "lang": "vi",
    "updated": 0
  },
  {
    "id": "5d03d380-aa0a-4b6a-b40d-946f483f5dad",
    "data": [
      {
        "text": "21",
        "meta": "@sys.age",
        "alias": "age",
        "userDefined": false
      }
    ],
    "isTemplate": false,
    "count": 0,
    "lang": "vi",
    "updated": 0
  },
  {
    "id": "0f0f2422-1a23-4420-9545-15dc99718894",
    "data": [
      {
        "text": "nam",
        "meta": "@Gender",
        "alias": "Gender",
        "userDefined": false
      }
    ],
    "isTemplate": false,
    "count": 0,
    "lang": "vi",
    "updated": 0
  },
  {
    "id": "5e23b3d3-d9c8-4f82-b4ed-2f1b8b6a8a1e",
    "data": [
      {
        "text": "nữ",
        "meta": "@Gender",
        "alias": "Gender",
        "userDefined": false
      }
    ],
    "isTemplate": false,
    "count": 0,
    "lang": "vi",
    "updated": 0
  },
  {
    "id": "633271cc-2fb8-4335-8bdf-f54df2ac7d57",
    "data": [
      {
        "text": "tôi ",
        "userDefined": false
      },
      {
        "text": "là",
        "meta": "@sys.ignore",
        "userDefined": false
      },
      {
        "text": " ",
        "userDefined": false
      },
      {
        "text": "Mai Lân",
        "meta": "@sys.given-name",
        "alias": "given-name",
        "userDefined": true
      },
      {
        "text": ", ",
        "userDefined": false
      },
      {
        "text": "21 tuổi",
        "meta": "@sys.age",
        "alias": "age",
        "userDefined": false
      },
      {
        "text": ", ",
        "userDefined": false
      },
      {
        "text": "nam",
        "meta": "@Gender",
        "alias": "Gender",
        "userDefined": false
      }
    ],
    "isTemplate": false,
    "count": 0,
    "lang": "vi",
    "updated": 0
  }
]