[
  {
    "id": "05373406-b58f-4aaa-9359-e91e0ce3f428",
    "data": [
      {
        "text": "không",
        "meta": "@Confirmation",
        "alias": "Confirmation",
        "userDefined": false
      }
    ],
    "isTemplate": false,
    "count": 0,
    "lang": "vi",
    "updated": 0
  },
  {
    "id": "f6c59610-b0ae-4479-8af4-7a914b8aa7c8",
    "data": [
      {
        "text": "có",
        "meta": "@Confirmation",
        "alias": "Confirmation",
        "userDefined": false
      }
    ],
    "isTemplate": false,
    "count": 0,
    "lang": "vi",
    "updated": 0
  },
  {
    "id": "24f1038e-5050-43aa-bf0b-502ee8363c2c",
    "data": [
      {
        "text": "không chắc",
        "meta": "@Confirmation",
        "alias": "Confirmation",
        "userDefined": false
      }
    ],
    "isTemplate": false,
    "count": 0,
    "lang": "vi",
    "updated": 0
  },
  {
    "id": "3031cc39-e806-40b9-95db-3dbfa0b50995",
    "data": [
      {
        "text": "dạ ",
        "userDefined": false
      },
      {
        "text": "không",
        "meta": "@Confirmation",
        "alias": "Confirmation",
        "userDefined": false
      }
    ],
    "isTemplate": false,
    "count": 0,
    "lang": "vi",
    "updated": 0
  },
  {
    "id": "22abf544-dce9-4018-95cd-a019ed301c98",
    "data": [
      {
        "text": "dạ ",
        "userDefined": false
      },
      {
        "text": "có",
        "meta": "@Confirmation",
        "alias": "Confirmation",
        "userDefined": false
      }
    ],
    "isTemplate": false,
    "count": 0,
    "lang": "vi",
    "updated": 0
  }
]