[
  {
    "id": "fa50e634-e82c-41a8-bb0b-62523394acbc",
    "data": [
      {
        "text": "Độ ngắn",
        "meta": "@Symptoms",
        "alias": "Symptoms",
        "userDefined": false
      },
      {
        "text": " của bề rộng",
        "userDefined": false
      }
    ],
    "isTemplate": false,
    "count": 0,
    "lang": "vi",
    "updated": 0
  },
  {
    "id": "a3ecd20a-8c82-452b-a948-ac40dcdc04cf",
    "data": [
      {
        "text": "Không có",
        "meta": "@Symptoms",
        "alias": "Symptoms",
        "userDefined": true
      }
    ],
    "isTemplate": false,
    "count": 0,
    "lang": "vi",
    "updated": 0
  },
  {
    "id": "45b481da-82ca-4af3-a57e-a2381f4df75f",
    "data": [
      {
        "text": "Đau ngực",
        "meta": "@Symptoms",
        "alias": "Symptoms",
        "userDefined": false
      },
      {
        "text": " khi nghỉ ngơi",
        "userDefined": false
      }
    ],
    "isTemplate": false,
    "count": 0,
    "lang": "vi",
    "updated": 0
  },
  {
    "id": "04ba9025-d963-46a8-864c-ae9ca3f7e901",
    "data": [
      {
        "text": "Đau ngực",
        "meta": "@Symptoms",
        "alias": "Symptoms",
        "userDefined": true
      },
      {
        "text": " đột ngột",
        "userDefined": false
      }
    ],
    "isTemplate": false,
    "count": 0,
    "lang": "vi",
    "updated": 0
  },
  {
    "id": "5e43bbb7-8a4b-4cad-b1f9-bdf33e2633d7",
    "data": [
      {
        "text": "Khó thở",
        "meta": "@Symptoms",
        "alias": "Symptoms",
        "userDefined": true
      }
    ],
    "isTemplate": false,
    "count": 0,
    "lang": "vi",
    "updated": 0
  },
  {
    "id": "10806e1d-2db0-4870-872c-12d1f22cb3d2",
    "data": [
      {
        "text": "Thở",
        "meta": "@sys.ignore",
        "userDefined": false
      },
      {
        "text": " nhanh hoặc ",
        "userDefined": false
      },
      {
        "text": "nông",
        "meta": "@Symptoms",
        "alias": "Symptoms",
        "userDefined": true
      }
    ],
    "isTemplate": false,
    "count": 0,
    "lang": "vi",
    "updated": 0
  },
  {
    "id": "13b1311f-f30e-47ab-a499-45a7f1f14651",
    "data": [
      {
        "text": "Đau ngực",
        "meta": "@Symptoms",
        "alias": "Symptoms",
        "userDefined": true
      },
      {
        "text": " khi nghỉ ngơi, ",
        "userDefined": false
      },
      {
        "text": "Đau ngực",
        "meta": "@Symptoms",
        "alias": "Symptoms",
        "userDefined": true
      },
      {
        "text": " đột ngột, Khó ",
        "userDefined": false
      },
      {
        "text": "thở",
        "meta": "@sys.ignore",
        "userDefined": false
      },
      {
        "text": ", ",
        "userDefined": false
      },
      {
        "text": "Thở",
        "meta": "@sys.ignore",
        "userDefined": false
      },
      {
        "text": " nhanh hoặc nông",
        "userDefined": false
      }
    ],
    "isTemplate": false,
    "count": 0,
    "lang": "vi",
    "updated": 0
  }
]