[
  {
    "id": "32ce4a18-0f83-4353-847d-652478d6b961",
    "data": [
      {
        "text": "dạ có",
        "meta": "@Confirmation",
        "alias": "Confirmation",
        "userDefined": false
      }
    ],
    "isTemplate": false,
    "count": 0,
    "lang": "vi",
    "updated": 0
  },
  {
    "id": "ca4a6158-e5eb-4dc6-a16b-85eb503177ea",
    "data": [
      {
        "text": "có",
        "meta": "@Confirmation",
        "alias": "Confirmation",
        "userDefined": false
      }
    ],
    "isTemplate": false,
    "count": 0,
    "lang": "vi",
    "updated": 0
  },
  {
    "id": "4ee82315-deb2-4f9a-a260-8015485b380e",
    "data": [
      {
        "text": "không",
        "meta": "@Confirmation",
        "alias": "Confirmation",
        "userDefined": false
      }
    ],
    "isTemplate": false,
    "count": 1,
    "lang": "vi",
    "updated": 0
  },
  {
    "id": "d7e6c615-aaad-4af2-92d1-77405eed82fa",
    "data": [
      {
        "text": "dạ không",
        "meta": "@Confirmation",
        "alias": "Confirmation",
        "userDefined": false
      }
    ],
    "isTemplate": false,
    "count": 0,
    "lang": "vi",
    "updated": 0
  },
  {
    "id": "f4004e99-b58f-4c30-9320-49aa99987d90",
    "data": [
      {
        "text": "không chắc",
        "meta": "@Confirmation",
        "alias": "Confirmation",
        "userDefined": false
      }
    ],
    "isTemplate": false,
    "count": 0,
    "lang": "vi",
    "updated": 0
  }
]