[
  {
    "id": "6bbbdb95-8547-4f6f-88ea-22776c408e8a",
    "data": [
      {
        "text": "không",
        "meta": "@sys.ignore",
        "userDefined": false
      }
    ],
    "isTemplate": false,
    "count": 0,
    "lang": "vi",
    "updated": 0
  },
  {
    "id": "1a8da939-15c3-47a3-a134-bb75a28a87f8",
    "data": [
      {
        "text": "tôi ",
        "userDefined": false
      },
      {
        "text": "không",
        "meta": "@sys.ignore",
        "userDefined": false
      },
      {
        "text": " ",
        "userDefined": false
      },
      {
        "text": "có",
        "meta": "@sys.ignore",
        "userDefined": false
      },
      {
        "text": " ",
        "userDefined": false
      },
      {
        "text": "nó",
        "meta": "@sys.ignore",
        "userDefined": false
      }
    ],
    "isTemplate": false,
    "count": 0,
    "lang": "vi",
    "updated": 0
  },
  {
    "id": "0aeaaa0b-b95c-47a3-994c-cdc701d7a9af",
    "data": [
      {
        "text": "nope",
        "userDefined": false
      }
    ],
    "isTemplate": false,
    "count": 0,
    "lang": "vi",
    "updated": 0
  }
]