[
  {
    "id": "82acf4a8-b118-4d5a-94a0-92c184c9cae0",
    "data": [
      {
        "text": "không",
        "meta": "@Confirmation",
        "alias": "Confirmation",
        "userDefined": false
      }
    ],
    "isTemplate": false,
    "count": 0,
    "lang": "vi",
    "updated": 0
  },
  {
    "id": "fe47f57c-0a25-4ea0-ad69-d72ee381ac31",
    "data": [
      {
        "text": "có",
        "meta": "@Confirmation",
        "alias": "Confirmation",
        "userDefined": false
      }
    ],
    "isTemplate": false,
    "count": 0,
    "lang": "vi",
    "updated": 0
  },
  {
    "id": "19f1130e-63ac-4ca0-9c78-95e80958e1df",
    "data": [
      {
        "text": "dạ có",
        "meta": "@Confirmation",
        "alias": "Confirmation",
        "userDefined": false
      }
    ],
    "isTemplate": false,
    "count": 0,
    "lang": "vi",
    "updated": 0
  },
  {
    "id": "7546d2b6-c062-49de-ba13-fe8debaa1d14",
    "data": [
      {
        "text": "dạ không",
        "meta": "@Confirmation",
        "alias": "Confirmation",
        "userDefined": false
      }
    ],
    "isTemplate": false,
    "count": 0,
    "lang": "vi",
    "updated": 0
  },
  {
    "id": "b3662c9f-05df-4058-9806-c63dcb142fe9",
    "data": [
      {
        "text": "không chắc",
        "meta": "@Confirmation",
        "alias": "Confirmation",
        "userDefined": false
      }
    ],
    "isTemplate": false,
    "count": 0,
    "lang": "vi",
    "updated": 0
  }
]