[
  {
    "id": "fab46367-910f-4ca8-aba0-881e0b1f794e",
    "data": [
      {
        "text": "có",
        "meta": "@Confirmation",
        "alias": "Confirmation",
        "userDefined": false
      }
    ],
    "isTemplate": false,
    "count": 0,
    "lang": "vi",
    "updated": 0
  },
  {
    "id": "86e93747-ca27-499f-83ac-1e4cf64f0109",
    "data": [
      {
        "text": "không",
        "meta": "@Confirmation",
        "alias": "Confirmation",
        "userDefined": false
      }
    ],
    "isTemplate": false,
    "count": 0,
    "lang": "vi",
    "updated": 0
  },
  {
    "id": "315b35f9-28a4-44ac-859d-77d16113ffb0",
    "data": [
      {
        "text": "dạ có",
        "meta": "@Confirmation",
        "alias": "Confirmation",
        "userDefined": false
      }
    ],
    "isTemplate": false,
    "count": 0,
    "lang": "vi",
    "updated": 0
  },
  {
    "id": "51316dc6-69ae-4274-a087-bac2f7e9d3e6",
    "data": [
      {
        "text": "dạ không",
        "meta": "@Confirmation",
        "alias": "Confirmation",
        "userDefined": false
      }
    ],
    "isTemplate": false,
    "count": 0,
    "lang": "vi",
    "updated": 0
  },
  {
    "id": "59e20aff-5604-4919-a1c9-66f09216196a",
    "data": [
      {
        "text": "không chắc",
        "meta": "@Confirmation",
        "alias": "Confirmation",
        "userDefined": false
      }
    ],
    "isTemplate": false,
    "count": 0,
    "lang": "vi",
    "updated": 0
  }
]