[
  {
    "id": "0651183b-d5ec-4a09-806a-e0e16a74f646",
    "data": [
      {
        "text": "tôi ",
        "userDefined": false
      },
      {
        "text": "bị",
        "meta": "@sys.ignore",
        "userDefined": false
      },
      {
        "text": " ",
        "userDefined": false
      },
      {
        "text": "đau ngực",
        "meta": "@Symptoms",
        "alias": "Symptoms",
        "userDefined": false
      }
    ],
    "isTemplate": false,
    "count": 0,
    "lang": "vi",
    "updated": 0
  },
  {
    "id": "ace58d31-f601-43c6-b36c-b07c8b19d465",
    "data": [
      {
        "text": "tôi bị ",
        "userDefined": false
      },
      {
        "text": "cao huyết áp",
        "meta": "@Symptoms",
        "alias": "Symptoms",
        "userDefined": true
      }
    ],
    "isTemplate": false,
    "count": 0,
    "lang": "vi",
    "updated": 0
  },
  {
    "id": "6c1efafd-cc90-4894-9edf-10f4296423e0",
    "data": [
      {
        "text": "tôi ",
        "userDefined": false
      },
      {
        "text": "cảm",
        "meta": "@sys.ignore",
        "userDefined": false
      },
      {
        "text": " thấy ",
        "userDefined": false
      },
      {
        "text": "khó thở",
        "meta": "@Symptoms",
        "alias": "Symptoms",
        "userDefined": false
      }
    ],
    "isTemplate": false,
    "count": 0,
    "lang": "vi",
    "updated": 0
  },
  {
    "id": "d997ab07-9ad3-4e00-9311-43bef2f57217",
    "data": [
      {
        "text": "vấn đề về hô hấp",
        "meta": "@Symptoms",
        "alias": "Symptoms",
        "userDefined": false
      }
    ],
    "isTemplate": false,
    "count": 0,
    "lang": "vi",
    "updated": 0
  },
  {
    "id": "a3e8d9c7-cd97-4b47-b9b3-4c77dde8c09a",
    "data": [
      {
        "text": "huyết áp thấp",
        "meta": "@Symptoms",
        "alias": "Symptoms",
        "userDefined": false
      }
    ],
    "isTemplate": false,
    "count": 0,
    "lang": "vi",
    "updated": 0
  },
  {
    "id": "b69e755c-fcf4-46ba-b7ed-c75d92faa8d0",
    "data": [
      {
        "text": "tôi ",
        "userDefined": false
      },
      {
        "text": "ngủ",
        "meta": "@Symptoms",
        "alias": "Symptoms",
        "userDefined": false
      },
      {
        "text": " ",
        "userDefined": false
      },
      {
        "text": "không",
        "meta": "@sys.ignore",
        "userDefined": false
      },
      {
        "text": " ",
        "userDefined": false
      },
      {
        "text": "đủ",
        "meta": "@sys.ignore",
        "userDefined": false
      },
      {
        "text": " giấc",
        "userDefined": false
      }
    ],
    "isTemplate": false,
    "count": 0,
    "lang": "vi",
    "updated": 0
  },
  {
    "id": "327955d2-cd66-4439-88dd-ebc0c5a7d00f",
    "data": [
      {
        "text": "vấn đề",
        "meta": "@sys.ignore",
        "userDefined": false
      },
      {
        "text": " ",
        "userDefined": false
      },
      {
        "text": "về",
        "meta": "@sys.ignore",
        "userDefined": false
      },
      {
        "text": " ",
        "userDefined": false
      },
      {
        "text": "giấc ngủ",
        "meta": "@Symptoms",
        "alias": "Symptoms",
        "userDefined": true
      }
    ],
    "isTemplate": false,
    "count": 0,
    "lang": "vi",
    "updated": 0
  }
]