[
  {
    "id": "688b1462-0a88-4d74-aa06-1bd4db0418d8",
    "data": [
      {
        "text": "chắc chắn",
        "meta": "@Confirmation",
        "alias": "Confirmation",
        "userDefined": false
      }
    ],
    "isTemplate": false,
    "count": 0,
    "lang": "vi",
    "updated": 0
  },
  {
    "id": "1928a1d2-7a38-41d7-820d-b6deb9e31c54",
    "data": [
      {
        "text": "gửi",
        "meta": "@Confirmation",
        "alias": "Confirmation",
        "userDefined": false
      }
    ],
    "isTemplate": false,
    "count": 0,
    "lang": "vi",
    "updated": 0
  },
  {
    "id": "d7ab6651-79a5-4320-9d11-e03b309ec592",
    "data": [
      {
        "text": "Tôi ",
        "userDefined": false
      },
      {
        "text": "đã",
        "meta": "@sys.ignore",
        "userDefined": false
      },
      {
        "text": " ",
        "userDefined": false
      },
      {
        "text": "gửi",
        "meta": "@Confirmation",
        "alias": "Confirmation",
        "userDefined": true
      }
    ],
    "isTemplate": false,
    "count": 0,
    "lang": "vi",
    "updated": 0
  },
  {
    "id": "8f611451-c3b4-435f-b15b-d16f75e2c655",
    "data": [
      {
        "text": "Vâng",
        "userDefined": false
      }
    ],
    "isTemplate": false,
    "count": 0,
    "lang": "vi",
    "updated": 0
  },
  {
    "id": "6de71322-74c7-4a49-9464-16399f0be76b",
    "data": [
      {
        "text": "Xong",
        "meta": "@Confirmation",
        "alias": "Confirmation",
        "userDefined": false
      },
      {
        "text": "! ",
        "userDefined": false
      },
      {
        "text": "đã nộp",
        "meta": "@Confirmation",
        "alias": "Confirmation1",
        "userDefined": false
      }
    ],
    "isTemplate": false,
    "count": 0,
    "lang": "vi",
    "updated": 0
  },
  {
    "id": "ccd653cd-68cd-4ea7-ae5f-97559ffa7210",
    "data": [
      {
        "text": "đã nộp",
        "meta": "@Confirmation",
        "alias": "Confirmation",
        "userDefined": false
      }
    ],
    "isTemplate": false,
    "count": 0,
    "lang": "vi",
    "updated": 0
  },
  {
    "id": "9c098ca7-32bb-4bc0-b9d0-5307a45b0a18",
    "data": [
      {
        "text": "OK",
        "meta": "@Confirmation",
        "alias": "Confirmation",
        "userDefined": true
      },
      {
        "text": " tôi sẽ ",
        "userDefined": false
      },
      {
        "text": "nộp",
        "meta": "@Confirmation",
        "alias": "Confirmation1",
        "userDefined": true
      }
    ],
    "isTemplate": false,
    "count": 0,
    "lang": "vi",
    "updated": 0
  },
  {
    "id": "71be6148-1180-49d0-a358-549c290c333b",
    "data": [
      {
        "text": "xong",
        "meta": "@Confirmation",
        "alias": "Confirmation",
        "userDefined": false
      }
    ],
    "isTemplate": false,
    "count": 0,
    "lang": "vi",
    "updated": 0
  },
  {
    "id": "8912b240-3f7d-4f34-9176-0a0b0b140238",
    "data": [
      {
        "text": "ok",
        "meta": "@Confirmation",
        "alias": "Confirmation",
        "userDefined": true
      },
      {
        "text": " tôi ",
        "userDefined": false
      },
      {
        "text": "đã",
        "meta": "@sys.ignore",
        "userDefined": false
      },
      {
        "text": " ",
        "userDefined": false
      },
      {
        "text": "gửi",
        "meta": "@Confirmation",
        "alias": "Confirmation1",
        "userDefined": true
      }
    ],
    "isTemplate": false,
    "count": 0,
    "lang": "vi",
    "updated": 0
  }
]