[
  {
    "id": "32024caf-145c-4c53-9cd0-41f6cef59fe6",
    "data": [
      {
        "text": "cách đây ",
        "userDefined": false
      },
      {
        "text": "1 ngày",
        "meta": "@sys.duration",
        "alias": "duration",
        "userDefined": false
      }
    ],
    "isTemplate": false,
    "count": 0,
    "lang": "vi",
    "updated": 0
  },
  {
    "id": "3aebdf32-046e-41ba-9438-14780999ba08",
    "data": [
      {
        "text": "nửa tiếng",
        "meta": "@sys.duration",
        "alias": "duration",
        "userDefined": false
      }
    ],
    "isTemplate": false,
    "count": 0,
    "lang": "vi",
    "updated": 0
  },
  {
    "id": "4332ce8a-716a-4677-9d3f-a0c22dcb0c46",
    "data": [
      {
        "text": "một giờ",
        "meta": "@sys.duration",
        "alias": "duration",
        "userDefined": true
      }
    ],
    "isTemplate": false,
    "count": 0,
    "lang": "vi",
    "updated": 0
  },
  {
    "id": "c251a9e7-3dd5-4615-bc29-dcaf90446017",
    "data": [
      {
        "text": "một ngày",
        "meta": "@sys.duration",
        "alias": "duration",
        "userDefined": false
      }
    ],
    "isTemplate": false,
    "count": 0,
    "lang": "vi",
    "updated": 0
  },
  {
    "id": "8344c31d-9647-47e1-8660-1b004d0472a0",
    "data": [
      {
        "text": "một tuần",
        "meta": "@sys.duration",
        "alias": "duration",
        "userDefined": true
      }
    ],
    "isTemplate": false,
    "count": 0,
    "lang": "vi",
    "updated": 0
  },
  {
    "id": "b9a728a9-2cf7-48b1-a9ac-d0ccdc5347cf",
    "data": [
      {
        "text": "một tháng",
        "meta": "@sys.duration",
        "alias": "duration",
        "userDefined": true
      }
    ],
    "isTemplate": false,
    "count": 0,
    "lang": "vi",
    "updated": 0
  }
]