[
  {
    "id": "7fac7732-ddfd-49a4-b93a-99760c3522d6",
    "data": [
      {
        "text": "Không có",
        "meta": "@Symptoms",
        "alias": "Symptoms",
        "userDefined": true
      }
    ],
    "isTemplate": false,
    "count": 0,
    "lang": "vi",
    "updated": 0
  },
  {
    "id": "e49946c8-fb53-43f8-962f-1068ec5a03c3",
    "data": [
      {
        "text": "Cảm",
        "meta": "@sys.ignore",
        "userDefined": false
      },
      {
        "text": " thấy trái ",
        "userDefined": false
      },
      {
        "text": "tim",
        "meta": "@sys.ignore",
        "userDefined": false
      },
      {
        "text": " của ",
        "userDefined": false
      },
      {
        "text": "bạn",
        "meta": "@sys.ignore",
        "userDefined": false
      },
      {
        "text": " ",
        "userDefined": false
      },
      {
        "text": "đang",
        "meta": "@sys.ignore",
        "userDefined": false
      },
      {
        "text": " đập nhanh hoặc ",
        "userDefined": false
      },
      {
        "text": "chậm một nhịp",
        "meta": "@Symptoms",
        "alias": "Symptoms",
        "userDefined": true
      }
    ],
    "isTemplate": false,
    "count": 0,
    "lang": "vi",
    "updated": 0
  },
  {
    "id": "d2c9134b-29b6-45a9-91f8-4bea569cde85",
    "data": [
      {
        "text": "Đau ngực",
        "meta": "@Symptoms",
        "alias": "Symptoms",
        "userDefined": true
      },
      {
        "text": " ",
        "userDefined": false
      },
      {
        "text": "lan",
        "meta": "@sys.ignore",
        "userDefined": false
      },
      {
        "text": " xuống ",
        "userDefined": false
      },
      {
        "text": "cánh tay",
        "meta": "@sys.ignore",
        "userDefined": false
      },
      {
        "text": " trái",
        "userDefined": false
      }
    ],
    "isTemplate": false,
    "count": 0,
    "lang": "vi",
    "updated": 0
  },
  {
    "id": "c6d09baf-e619-406f-a77f-581aa9beee99",
    "data": [
      {
        "text": "Đau ngực",
        "meta": "@Symptoms",
        "alias": "Symptoms",
        "userDefined": true
      },
      {
        "text": " ",
        "userDefined": false
      },
      {
        "text": "lan",
        "meta": "@sys.ignore",
        "userDefined": false
      },
      {
        "text": " tỏa khi gắng sức",
        "userDefined": false
      }
    ],
    "isTemplate": false,
    "count": 0,
    "lang": "vi",
    "updated": 0
  },
  {
    "id": "8d7f4a65-28b5-4e57-a175-50e730811e6f",
    "data": [
      {
        "text": "Đau khớp / ",
        "userDefined": false
      },
      {
        "text": "bụng",
        "meta": "@Symptoms",
        "alias": "Symptoms",
        "userDefined": true
      }
    ],
    "isTemplate": false,
    "count": 0,
    "lang": "vi",
    "updated": 0
  },
  {
    "id": "65c679f0-9539-4d2e-a3c3-4989a933fe19",
    "data": [
      {
        "text": "Tức",
        "meta": "@Symptoms",
        "alias": "Symptoms",
        "userDefined": true
      },
      {
        "text": " ngực",
        "userDefined": false
      }
    ],
    "isTemplate": false,
    "count": 0,
    "lang": "vi",
    "updated": 0
  },
  {
    "id": "59e3a101-cc1a-4deb-8301-e30501d53c43",
    "data": [
      {
        "text": "Mệt mỏi",
        "meta": "@Symptoms",
        "alias": "Symptoms",
        "userDefined": true
      },
      {
        "text": " bất ",
        "userDefined": false
      },
      {
        "text": "thường",
        "meta": "@sys.ignore",
        "userDefined": false
      }
    ],
    "isTemplate": false,
    "count": 0,
    "lang": "vi",
    "updated": 0
  },
  {
    "id": "5312449f-ae99-432f-b24d-dc8b3a323572",
    "data": [
      {
        "text": "Sự lo ngại",
        "meta": "@Symptoms",
        "alias": "Symptoms",
        "userDefined": true
      }
    ],
    "isTemplate": false,
    "count": 0,
    "lang": "vi",
    "updated": 0
  },
  {
    "id": "75c77003-98be-4965-802e-4daaf071e2c3",
    "data": [
      {
        "text": "Đau ngực",
        "meta": "@Symptoms",
        "alias": "Symptoms",
        "userDefined": false
      },
      {
        "text": " ",
        "userDefined": false
      },
      {
        "text": "lan",
        "meta": "@sys.ignore",
        "userDefined": false
      },
      {
        "text": " rộng ",
        "userDefined": false
      },
      {
        "text": "Hàm",
        "meta": "@sys.ignore",
        "userDefined": false
      }
    ],
    "isTemplate": false,
    "count": 0,
    "lang": "vi",
    "updated": 0
  }
]