[
  {
    "id": "c5cc33b8-075f-4414-a802-41a51acd367c",
    "data": [
      {
        "text": "Đúng",
        "meta": "@Confirmation",
        "alias": "Confirmation",
        "userDefined": false
      }
    ],
    "isTemplate": false,
    "count": 0,
    "lang": "vi",
    "updated": 0
  },
  {
    "id": "83e786da-c088-4d5b-8c53-83f1916ddfa6",
    "data": [
      {
        "text": "Vâng",
        "meta": "@Confirmation",
        "alias": "Confirmation",
        "userDefined": false
      },
      {
        "text": " tôi ",
        "userDefined": false
      },
      {
        "text": "có",
        "meta": "@sys.ignore",
        "userDefined": false
      }
    ],
    "isTemplate": false,
    "count": 0,
    "lang": "vi",
    "updated": 0
  },
  {
    "id": "ec6910ce-ecc2-4ee0-bb47-09f871d9769e",
    "data": [
      {
        "text": "vâng",
        "meta": "@Confirmation",
        "alias": "Confirmation",
        "userDefined": false
      }
    ],
    "isTemplate": false,
    "count": 0,
    "lang": "vi",
    "updated": 0
  }
]