[
  {
    "id": "d757dc3e-df0f-4ad5-80c3-3174feb91284",
    "data": [
      {
        "text": "không",
        "meta": "@Confirmation",
        "alias": "Confirmation",
        "userDefined": false
      }
    ],
    "isTemplate": false,
    "count": 0,
    "lang": "vi",
    "updated": 0
  },
  {
    "id": "29b9d369-ff90-4552-bab7-7d0c9c2065f2",
    "data": [
      {
        "text": "có",
        "meta": "@Confirmation",
        "alias": "Confirmation",
        "userDefined": false
      }
    ],
    "isTemplate": false,
    "count": 0,
    "lang": "vi",
    "updated": 0
  },
  {
    "id": "41cab202-3141-4896-8344-d603752f62c6",
    "data": [
      {
        "text": "dạ có",
        "meta": "@Confirmation",
        "alias": "Confirmation",
        "userDefined": false
      }
    ],
    "isTemplate": false,
    "count": 0,
    "lang": "vi",
    "updated": 0
  },
  {
    "id": "13cf8e60-48fd-4172-b7cf-fec82f02468a",
    "data": [
      {
        "text": "dạ không",
        "meta": "@Confirmation",
        "alias": "Confirmation",
        "userDefined": false
      }
    ],
    "isTemplate": false,
    "count": 0,
    "lang": "vi",
    "updated": 0
  },
  {
    "id": "f7d659c3-8b98-4988-bc89-d63809f53bf5",
    "data": [
      {
        "text": "không chắc",
        "meta": "@Confirmation",
        "alias": "Confirmation",
        "userDefined": false
      }
    ],
    "isTemplate": false,
    "count": 0,
    "lang": "vi",
    "updated": 0
  }
]